<?xml version="1.0" encoding="UTF-8"?>
<beans xmlns="http://www.springframework.org/schema/beans"
       xmlns:xsi="http://www.w3.org/2001/XMLSchema-instance"
       xmlns:aop="http://www.springframework.org/schema/aop"
       xmlns:context="http://www.springframework.org/schema/context"
       xmlns:mvc="http://www.springframework.org/schema/mvc"
       xmlns:tx="http://www.springframework.org/schema/tx"
       
       xsi:schemaLocation="http://www.springframework.org/schema/beans 
                           http://www.springframework.org/schema/beans/spring-beans.xsd
                           http://www.springframework.org/schema/context 
                           http://www.springframework.org/schema/context/spring-context.xsd
                           http://www.springframework.org/schema/mvc
                           http://www.springframework.org/schema/mvc/spring-mvc.xsd">

	<context:component-scan base-package="com.psl.bean" />
<context:component-scan base-package="com.psl.dao" />
<context:component-scan base-package="com.psl.testing" />
	<bean id="dataSource"
		class="org.springframework.jdbc.datasource.DriverManagerDataSource">
		<property name="driverClassName" value="com.mysql.jdbc.Driver" />
		<property name="url" value="jdbc:mysql://localhost:3306/persistentopinionsdb" />
		<property name="username" value="root" />
		<property name="password" value="root" />
	</bean>

	<!-- this bean will create sessionFactory object needed for using Hibernate 
		in application. no need to create hibernate.cfg.xml as we can do require configuration 
		within the bean tag... -->

	<bean id="sessionFactory"
		class="org.springframework.orm.hibernate4.LocalSessionFactoryBean">
		<property name="dataSource" ref="dataSource" />
		<property name="packagesToScan" value="com.psl.bean,com.psl.dao,com.psl.testing" />
		<property name="hibernateProperties">
			<value>
				hibernate.dialect=org.hibernate.dialect.MySQLDialect
				hibernate.hbm2ddl.auto=update
				hibernate.show_sql=true
			</value>
		</property>
	</bean>


	

<!--  <bean id="transactionManager" class="org.springframework.orm.hibernate4.HibernateTransactionManager">
        <property name="sessionFactory" ref="sessionFactory" />
  </bean> 
 <tx:annotation-driven transaction-manager="transactionManager"/>
 -->    
 


</beans>